District,County,Name,type,Students,p_minority, Diversity ,teachers,spendrat,avgsal,teachrat,p_5yearsexp,poorpct,Language limit,p_gifted,p_special,p_moved,p_passed,attendance
ALLEN ISD,COLLIN,D L ROUNTREE EL,1,645,12.56,2.2,37.1,3199,31970,17.4,27,11.63,0.31,2.33,12.25,12.4,77.14,97
ALLEN ISD,COLLIN,ALTON BOYD EL,1,608,17.93,2.94,36.3,3523,31108,16.8,27.3,14.8,0,2.14,10.03,20.23,75.68,96.7
ALLEN ISD,COLLIN,GENE M REED JR EL,1,720,9.58,1.73,38.9,3228,32250,18.5,31.7,2.22,0.69,4.44,8.47,9.03,87.95,96.8
ALLEN ISD,COLLIN,ALVIS C STORY EL,1,720,11.53,2.04,41.5,2999,29749,17.4,25.2,1.81,0.28,3.19,13.75,14.17,88.16,97.1
ALLEN ISD,COLLIN,MAX O VAUGHAN EL,1,770,11.56,2.04,44.1,3015,29707,17.5,30.8,2.73,0,3.38,9.87,11.43,89.59,97.1
ALLEN ISD,COLLIN,FLOSSIE FLOYD GREEN EL,1,663,11.31,2.01,41.2,2595,26251,16.1,17.3,5.88,3.47,5.58,12.97,0,80.54,0
ANNA ISD,COLLIN,ANNA EL,1,430,15.81,2.66,28.8,2474,28032,14.9,17.6,41.86,3.72,3.02,12.33,17.91,67.04,96.2
CELINA ISD,COLLIN,CELINA MIDDLE,2,288,23.61,3.61,19.7,3221,28800,14.6,11.9,32.99,1.39,17.71,16.32,14.58,55.6,96.9
CELINA ISD,COLLIN,CELINA EL,1,320,20,3.2,20.8,3533,30081,15.4,14.7,32.19,5.63,7.81,15.31,15,72.51,96.5
FARMERSVILLE ISD,COLLIN,TATUM EL,1,560,24.82,3.73,37,3176,28294,15.1,24,40,6.61,2.68,9.82,15,65.72,95.8
FRISCO ISD,COLLIN,I S ROGERS EL,1,664,25.45,3.79,40.9,3078,27457,16.2,19,27.71,8.73,6.33,15.21,21.54,80.53,96.4
FRISCO ISD,COLLIN,CLAUDE CURTSINGER EL,1,469,20.9,3.31,27.6,3157,26545,17,11.4,14.07,8.96,2.77,10.23,0,93.6,0
MCKINNEY ISD,COLLIN,FINCH EL,1,415,52.29,4.99,30.5,4437,28338,13.6,20.5,58.55,0,1.2,13.49,30.36,39.13,95.7
MCKINNEY ISD,COLLIN,WEBB EL,1,481,58.42,4.86,33,4164,30129,14.6,23,70.27,0,2.08,14.76,16.22,41.64,96.1
MCKINNEY ISD,COLLIN,BURKS EL,1,383,32.64,4.4,25.8,4265,28899,14.8,14.5,34.46,0.26,2.35,12.27,27.94,63.35,95.6
MCKINNEY ISD,COLLIN,CALDWELL EL,1,575,57.74,4.88,34.7,3516,28822,16.6,20.4,66.78,15.13,1.22,9.91,18.26,64.1,95.5
MCKINNEY ISD,COLLIN,VALLEY CREEK EL,1,657,7.31,1.36,36.2,2898,28539,18.1,23.5,4.72,0,4.72,5.18,21.77,93.79,97.1
MCKINNEY ISD,COLLIN,GLEN OAKS EL,1,711,16.6,2.77,39.8,2963,28905,17.9,23,13.36,12.66,6.47,6.05,11.67,95.79,96.9
MCKINNEY ISD,COLLIN,THE ACT ACAD AT J L GREER,3,244,25,3.75,15,4737,32710,16.3,8,11.89,0,0.82,6.56,32.79,51.08,94.7
MCKINNEY ISD,COLLIN,SLAUGHTER EL,1,441,20.41,3.25,25,3170,27518,17.6,12,17.91,0,2.95,8.62,0,58.36,0
MELISSA ISD,COLLIN,MELISSA RIDGE EL,1,217,8.29,1.52,18.4,1838,26712,11.8,11.3,22.12,0,15.67,11.06,15.67,64.74,95.8
PLANO ISD,COLLIN,ROBINSON MIDDLE,2,974,23.82,3.63,62.6,3534,31638,15.6,29,1.03,1.33,10.06,7.08,14.17,86.28,97.3
PLANO ISD,COLLIN,JACKSON EL,1,554,14.62,2.5,37,4209,36725,15,27,3.25,3.97,7.4,10.11,13,92.01,97.2
PLANO ISD,COLLIN,MEADOWS EL,1,604,52.65,4.99,39.8,4664,35903,15.2,25.2,60.1,28.81,1.66,11.59,17.55,76.87,96.5
PLANO ISD,COLLIN,MENDENHALL EL,1,765,35.95,4.61,56.8,4119,35239,13.5,39.5,32.16,18.69,3.01,13.46,20.78,82.41,96.8
PLANO ISD,COLLIN,SIGLER EL,1,482,40.66,4.83,37.4,4483,38395,12.9,32.4,20.95,18.05,2.7,13.28,38.17,88.43,96.6
PLANO ISD,COLLIN,MEMORIAL EL,1,542,24.91,3.74,34.1,4118,37191,15.9,24.7,21.59,4.24,3.14,11.44,14.76,83.06,97
PLANO ISD,COLLIN,ALDRIDGE EL,1,757,44.39,4.94,40.7,3499,35394,18.6,27.8,22.32,40.95,2.77,5.94,4.36,79.83,97.1
PLANO ISD,COLLIN,SHEPARD EL,1,596,11.58,2.05,39.8,4088,35525,15,27.5,3.36,2.35,3.36,12.42,8.72,87.57,97.1
PLANO ISD,COLLIN,FORMAN EL,1,529,23.63,3.61,36.4,4142,33282,14.5,20.4,21.36,4.16,2.46,19.47,20.04,63.16,96.6
PLANO ISD,COLLIN,BARRON EL,1,570,48.42,5,39.9,4114,33335,14.3,28.4,49.47,25.96,2.11,12.98,18.77,67.01,96.5
PLANO ISD,COLLIN,DAVIS EL,1,525,24.19,3.67,41.2,4007,34573,12.7,25.8,19.81,16.95,3.62,21.9,7.62,76.43,96.7
PLANO ISD,COLLIN,CHRISTIE EL,1,936,19.87,3.18,54.6,3264,36652,17.2,40.7,11.75,3.31,3.85,9.29,16.24,78.28,97
PLANO ISD,COLLIN,WEATHERFORD EL,1,517,24.18,3.67,34.6,3964,34876,14.9,24.1,7.74,5.22,5.22,14.89,15.28,84.88,97.2
PLANO ISD,COLLIN,HUGHSTON EL,1,635,13.7,2.36,37.9,3534,34503,16.8,29,1.73,6.61,4.57,9.29,6.77,91.94,97
PLANO ISD,COLLIN,SAIGLING EL,1,597,16.25,2.72,36.9,3666,34149,16.2,22.9,3.69,3.69,3.85,8.38,10.55,83.02,97
PLANO ISD,COLLIN,WELLS EL,1,568,14.96,2.54,35.3,3626,35129,16.1,27.8,1.76,4.23,5.99,10.74,12.15,89.85,97.1
PLANO ISD,COLLIN,THOMAS EL,1,983,22.48,3.49,57.3,3245,34265,17.2,36.4,7.83,3.05,1.73,9.77,14.04,77.48,97
PLANO ISD,COLLIN,HARRINGTON EL,1,568,18.66,3.04,34.3,3612,34098,16.6,21.6,3.35,4.05,6.34,13.03,7.75,86.38,97.2
PLANO ISD,COLLIN,DOOLEY EL,1,487,11.91,2.1,32.8,4555,35830,14.8,23.4,2.87,1.44,4.52,12.11,18.28,92.06,96.7
PLANO ISD,COLLIN,HUFFMAN EL,1,598,11.54,2.04,35.9,3580,32576,16.7,19.7,1.84,3.68,5.18,10.2,4.35,88.38,97.5
PLANO ISD,COLLIN,CARLISLE EL,1,725,15.86,2.67,41.8,3535,34237,17.3,27.5,2.9,1.93,6.21,8.28,8.41,92.47,97.5
PLANO ISD,COLLIN,MATHEWS EL,1,789,15.21,2.58,44.6,3089,31876,17.7,24,0.89,2.66,3.8,9.89,9.38,86.9,97.5
PLANO ISD,COLLIN,BRINKER EL,1,852,10.33,1.85,46.5,2714,31413,18.3,21.6,2.35,2.23,4.69,6.46,15.96,84.96,96.7
PLANO ISD,COLLIN,DAFFRON EL,1,677,18.76,3.05,39.8,3224,32867,17,21.5,1.33,5.61,3.55,9.75,14.18,86.1,97.7
PLANO ISD,COLLIN,HEDGCOXE EL,1,744,11.96,2.11,43.1,3351,33273,17.3,26.5,1.48,2.28,4.97,8.87,8.2,88.14,97.3
PLANO ISD,COLLIN,MITCHELL EL,1,608,13.65,2.36,37.5,3464,31657,16.2,20,3.13,5.26,6.58,9.87,7.24,89.9,97.1
PLANO ISD,COLLIN,RASOR EL,1,573,20.77,3.29,32.8,3643,35578,17.4,24.9,6.81,2.97,5.76,10.65,14.66,87.22,97.2
PLANO ISD,COLLIN,BETHANY EL,1,675,15.56,2.63,38.9,2963,32192,17.4,20.2,0.44,2.52,5.04,10.52,8.59,82.42,97.4
PLANO ISD,COLLIN,GULLEDGE EL,1,633,20.38,3.25,35.3,2769,30465,17.9,17.3,1.26,4.58,3.79,6.48,0,82.8,0
PLANO ISD,COLLIN,HAGGAR EL,1,609,16.09,2.7,36.6,2847,30455,16.6,18.2,1.81,7.22,6.08,9.2,0,92.54,0
PLANO ISD,COLLIN,MILLER EL,1,314,16.88,2.81,23,4271,32658,13.6,14.5,13.38,4.14,3.5,21.66,0,80.67,0
PRINCETON ISD,COLLIN,PRINCETON EL,1,822,11.56,2.04,49,2962,26916,16.8,28,39.29,2.55,4.26,10.1,16.3,72.87,96.4
PRINCETON ISD,COLLIN,PRINCETON INT,2,257,9.34,1.69,23.3,3524,27334,11,14.8,33.07,0.78,10.51,12.45,19.46,71.8,95.7
PROSPER ISD,COLLIN,PROSPER EL,1,363,18.73,3.04,27.4,3240,29401,13.2,20.4,24.24,11.57,4.41,14.05,9.64,57.01,96.8
WYLIE ISD,COLLIN,R F HARTMAN EL,1,478,12.76,2.23,31.7,3034,28118,15.1,20.8,25.31,7.11,1.26,10.04,13.39,77.2,97
WYLIE ISD,COLLIN,T F BIRMINGHAM EL,1,724,10.64,1.9,40.9,2469,28125,17.7,22.9,16.44,1.38,4.83,11.6,14.92,81.65,97
WYLIE ISD,COLLIN,P M AKIN EL,1,610,8.2,1.51,34.4,2592,29244,17.8,22.9,18.2,2.46,3.11,13.44,12.62,79.33,96.8
BLUE RIDGE ISD,COLLIN,BLUE RIDGE EL,1,222,5.86,1.1,18,3100,24669,12.3,13.7,22.07,0,12.16,18.02,19.37,74.29,97
COMMUNITY ISD,COLLIN,COMMUNITY MIDDLE,2,290,11.38,2.02,22.9,4429,26530,12.7,12.3,35.52,2.07,5.52,22.07,15.86,84.6,96.1
COMMUNITY ISD,COLLIN,MCCLENDON EL,1,373,7.51,1.39,26.6,3639,26331,14,15.6,35.12,4.83,12.33,12.06,14.48,61.53,95.2
LOVEJOY ISD,COLLIN,LOVEJOY EL,1,551,3.45,0.67,34.2,3630,32768,16.1,32.3,2.18,0,8.53,11.43,7.62,89.94,96.8
CARROLLTON-FARMERS BRANCH ISD,DALLAS,CENTRAL INT,2,399,80.7,3.12,28.2,3529,33991,14.1,17.5,73.18,40.1,2.51,8.52,0,62.08,0
CARROLLTON-FARMERS BRANCH ISD,DALLAS,CARROLLTON EL,1,871,78.76,3.35,50,3216,34152,17.4,33,72.68,50.29,0.92,7.92,17.45,72.58,97.1
CARROLLTON-FARMERS BRANCH ISD,DALLAS,GOOD EL,1,602,43.52,4.92,34.3,3381,34156,17.5,22.9,33.06,7.81,2.82,13.46,17.44,69.83,96.8
CARROLLTON-FARMERS BRANCH ISD,DALLAS,STARK EL,1,542,45.02,4.95,30.5,3636,34207,17.7,18.9,41.51,2.58,1.66,11.25,24.54,61.67,96.1
CARROLLTON-FARMERS BRANCH ISD,DALLAS,MONTGOMERY EL,1,680,67.5,4.39,41.2,3250,32284,16.5,25.3,62.5,43.68,2.94,7.79,17.79,88.27,96.3
CARROLLTON-FARMERS BRANCH ISD,DALLAS,MCLAUGHLIN EL,1,697,48.21,4.99,40.1,3230,32187,17.4,26.6,42.75,30.27,6.31,11.76,14.63,85.29,96.8
CARROLLTON-FARMERS BRANCH ISD,DALLAS,FARMERS BRANCH EL,1,674,67.06,4.42,38.1,3384,30928,17.7,16,66.91,46.88,1.63,10.83,13.06,79.13,96.3
CARROLLTON-FARMERS BRANCH ISD,DALLAS,L F BLANTON EL,1,443,31.38,4.31,29.9,3629,31885,14.8,16.9,23.25,5.42,7.22,12.42,20.77,84.19,97.1
CARROLLTON-FARMERS BRANCH ISD,DALLAS,JUNE R THOMPSON EL,1,509,35.17,4.56,29.6,3308,34573,17.2,19.8,21.41,6.29,5.7,9.63,13.36,88.81,97
CARROLLTON-FARMERS BRANCH ISD,DALLAS,COUNTRY PLACE EL,1,464,18.32,2.99,30.4,3902,33926,15.2,24.8,4.53,3.02,7.33,11.42,13.79,84.69,96.9
CARROLLTON-FARMERS BRANCH ISD,DALLAS,DALE B DAVIS EL,1,608,42.93,4.9,33,3494,37771,18.4,29.7,29.44,2.47,4.44,8.06,22.2,78.39,96.9
CARROLLTON-FARMERS BRANCH ISD,DALLAS,MCCOY EL,1,436,20.41,3.25,26,3617,37098,16.8,20.1,2.06,0,25.69,11.7,9.63,94.74,97.2
CARROLLTON-FARMERS BRANCH ISD,DALLAS,FURNEAUX EL,1,630,28.25,4.05,37,3304,33266,17,28,17.14,7.62,5.08,12.86,12.86,83.5,96.9
CARROLLTON-FARMERS BRANCH ISD,DALLAS,ROSEMEADE EL,1,477,17.19,2.85,26.2,3663,36616,18.2,23.4,4.4,0,7.76,9.85,11.32,80.58,97.3
CARROLLTON-FARMERS BRANCH ISD,DALLAS,SHEFFIELD EL,1,474,29.54,4.16,28.9,3312,32802,16.4,21.3,14.77,3.59,2.32,5.91,24.26,91.3,96.9
CARROLLTON-FARMERS BRANCH ISD,DALLAS,LAS COLINAS EL,1,716,40.92,4.84,37.1,2476,30682,19.3,20.8,9.78,8.66,4.47,7.82,27.37,87.26,96.8
CARROLLTON-FARMERS BRANCH ISD,DALLAS,KENT EL,1,797,30.36,4.23,46.2,3225,34182,17.3,29.3,7.15,13.93,10.04,9.41,8.91,89.68,97
CARROLLTON-FARMERS BRANCH ISD,DALLAS,MCKAMY EL,1,578,39.45,4.78,36.9,3512,31833,15.7,18.3,15.57,12.63,6.06,12.98,17.3,85.52,97.2
CARROLLTON-FARMERS BRANCH ISD,DALLAS,SHEFFIELD INT,2,375,28,4.03,26.8,3942,32310,14,12.3,18.13,6.13,10.4,18.4,27.73,83.88,96.7
CARROLLTON-FARMERS BRANCH ISD,DALLAS,RAINWATER EL,1,481,21.83,3.41,31.7,3113,32101,15.2,13.9,7.07,0,7.9,11.64,11.64,85.69,97.3
CEDAR HILL ISD,DALLAS,BRAY EL,1,314,14.01,2.41,19.7,2564,30451,16,12.7,18.47,0,4.14,14.01,21.66,87.7,96.8
CEDAR HILL ISD,DALLAS,PLUMMER EL,1,403,31.76,4.33,25,2624,31334,16.1,17,23.33,0,10.92,13.9,16.63,76.2,97.1
CEDAR HILL ISD,DALLAS,HI POINTE EL,1,508,51.57,5,28.5,2117,29363,17.9,17.5,21.85,3.15,7.68,8.66,15.94,77.84,96.4
CEDAR HILL ISD,DALLAS,HIGHLANDS EL,1,418,56.7,4.91,25.4,2730,31244,16.4,21.4,27.75,3.59,4.55,7.42,14.11,80.68,97.6
CEDAR HILL ISD,DALLAS,CEDAR HILL 5TH GR CTR,3,470,43.83,4.92,23.5,2383,32214,20,16.5,20,0.64,10.43,10,13.19,78.3,96.5
CEDAR HILL ISD,DALLAS,WATERFORD OAKS EL,1,518,44.59,4.94,32.5,2824,29907,15.9,22,26.25,2.7,11.39,13.71,17.18,67.24,96.6
DALLAS ISD,DALLAS,J Q ADAMS EL,1,1032,85.76,2.44,54.7,2970,34628,18.9,35,86.34,44.38,9.98,7.17,30.14,37.28,94.7
DALLAS ISD,DALLAS,GABE P ALLEN EL,1,535,99.44,0.11,31,3370,35004,17.3,27,91.78,51.78,5.79,4.3,13.08,66.7,96.3
DALLAS ISD,DALLAS,WILLIAM M ANDERSON EL,1,896,80.8,3.1,48.5,3010,34648,18.5,30.5,81.36,32.25,12.39,11.38,23.88,38.12,95.1
DALLAS ISD,DALLAS,ARCADIA PARK EL,1,592,85.3,2.51,31,3467,31798,19.1,19,93.24,46.11,12.16,5.74,22.97,45.74,95.9
DALLAS ISD,DALLAS,ARLINGTON PARK EL,1,210,99.52,0.1,16,5003,30060,13.1,9,94.76,18.57,27.14,11.43,25.24,50.15,96.8
DALLAS ISD,DALLAS,BAYLES EL,1,665,89.77,1.84,40,3408,36178,16.6,30,86.47,7.22,13.98,14.89,44.66,41.71,93.7
DALLAS ISD,DALLAS,W A BLAIR EL,1,696,91.38,1.58,35,3094,35798,19.9,29,91.81,21.41,16.95,6.9,28.59,40.76,95.2
DALLAS ISD,DALLAS,ANNIE WEBB BLANTON EL,1,793,83.35,2.78,38.9,2966,35358,20.4,32.9,81.59,25.98,17.15,9.84,31.9,41.81,95.3
DALLAS ISD,DALLAS,JAMES B BONHAM EL,1,672,98.66,0.26,40,3398,34595,16.8,30,96.58,80.8,9.97,3.57,19.79,50,95.7
DALLAS ISD,DALLAS,JAMES BOWIE EL,1,1044,98.18,0.36,58,3132,31774,18,38,98.37,68.77,12.07,6.61,33.52,45.88,97
DALLAS ISD,DALLAS,JOHN HENRY BROWN EL,1,300,99.67,0.07,27,6247,33543,11.1,21,97.67,0.67,10.67,4.33,41.33,41.22,96.3
DALLAS ISD,DALLAS,JOHN NEELY BRYAN EL,1,734,99.73,0.05,43.9,3235,33448,16.7,29,93.32,1.09,18.39,5.31,25.48,58.36,96.1
DALLAS ISD,DALLAS,HARRELL BUDD EL,1,791,99.75,0.05,40,3007,36866,19.8,30,94.44,31.98,15.68,6.95,23.64,56.6,95.7
DALLAS ISD,DALLAS,DAVID G BURNET EL,1,1602,97.88,0.42,76.8,2621,31638,20.8,40.9,96.07,64.11,13.67,5.87,27.78,43.18,97
DALLAS ISD,DALLAS,RUFUS C BURLESON EL,1,469,95.52,0.86,26,3613,29536,18,9.9,97.23,37.95,17.27,8.96,38.81,37.09,95.9
DALLAS ISD,DALLAS,W W BUSHMAN EL,1,681,99.56,0.09,41,3370,33101,16.6,26,92.8,1.76,16.3,9.84,33.19,40.48,95.7
DALLAS ISD,DALLAS,WILLIAM L CABELL EL,1,663,66.67,4.44,33,3193,32873,20.1,24,56.86,37.25,7.69,14.18,24.89,83.98,96.1
DALLAS ISD,DALLAS,F P CAILLET EL,1,454,87.89,2.13,31.9,3895,34079,14.2,20.9,72.69,37.67,11.45,14.1,32.38,54.38,96.6
DALLAS ISD,DALLAS,JOHN W CARPENTER EL,1,700,99.71,0.06,41,3112,36243,17.1,32,76.86,5,12.86,11.43,30.14,39.32,96.1
DALLAS ISD,DALLAS,C F CARR EL,1,363,100,,21,3739,31441,17.3,18,96.14,26.17,0,4.13,17.08,41.5,96.2
DALLAS ISD,DALLAS,GEORGE W CARVER EL,1,392,99.74,0.05,37.8,6031,34203,10.4,26,98.72,5.36,9.69,13.52,36.73,27.01,93.7
DALLAS ISD,DALLAS,CASA VIEW EL,1,762,68.5,4.32,44,3239,35134,17.3,32,73.62,32.15,14.7,14.17,19.55,81.97,96.2
DALLAS ISD,DALLAS,CENTRAL EL,1,533,17.26,2.86,26.4,2924,36315,20.2,18.7,47.09,3,17.82,15.2,27.95,61.73,94.8
DALLAS ISD,DALLAS,CITY PARK EL,1,243,97.94,0.4,19,5010,31315,12.8,12,97.53,72.02,21.4,6.17,69.14,27.38,97.4
DALLAS ISD,DALLAS,COLONIAL EL,1,417,99.76,0.05,37.9,5516,33027,11,29.9,93.76,3.36,13.91,11.99,42.93,42.74,94.7
DALLAS ISD,DALLAS,S S CONNER EL,1,907,94.16,1.1,45.2,2870,31437,20.1,24.3,87.32,10.69,14.55,8.05,39.69,39.54,93.8
DALLAS ISD,DALLAS,LEILA P COWART EL,1,1206,96.1,0.75,65.6,3049,33835,18.4,46.6,87.31,52.24,13.35,5.89,21.39,48.67,96
DALLAS ISD,DALLAS,IGNACIO ZARAGOSA EL,1,916,95.85,0.8,47,3096,34862,19.5,38,96.62,73.03,9.5,5.24,29.48,49.32,94.7
DALLAS ISD,DALLAS,B F DARRELL EL,1,391,100,,22.8,3809,33018,17.1,15,92.07,4.86,13.04,5.12,42.2,54.45,94.5
DALLAS ISD,DALLAS,JEFFERSON DAVIS EL,1,890,98.43,0.31,46,3041,32850,19.3,26,88.54,42.25,12.92,4.94,34.83,45.04,95.5
DALLAS ISD,DALLAS,DEALEY MONTESSORI ACAD,3,550,67.64,4.38,19.3,3985,36779,28.5,17.8,40.91,6.55,38.18,5.45,5.27,70.78,96.7
DALLAS ISD,DALLAS,EVERETT L DEGOLYER EL,1,385,51.69,4.99,23.8,3247,33263,16.2,13.8,37.66,32.47,17.4,10.65,17.14,86.42,96.4
DALLAS ISD,DALLAS,L O DONALD EL,1,859,92.67,1.36,45.1,3289,32778,19,30,89.41,59.14,12.92,6.64,21.77,42.07,96.5
DALLAS ISD,DALLAS,JULIUS DORSEY EL,1,704,90.48,1.72,40.6,3256,30861,17.3,19.6,87.22,32.53,12.22,10.51,27.7,44.8,95.3
DALLAS ISD,DALLAS,PAUL L DUNBAR EL,1,520,99.81,0.04,38,4850,34158,13.7,31,92.5,2.12,9.81,7.88,30.58,38.17,98.1
DALLAS ISD,DALLAS,AMELIA EARHART EL,1,344,100,,33,5987,31962,10.4,21,92.44,16.28,12.5,6.1,22.97,35.21,96.7
DALLAS ISD,DALLAS,J N ERVIN EL,1,649,98.92,0.21,35.9,3208,32679,18.1,23,90.14,0.46,22.19,5.86,18.95,41.28,98.4
DALLAS ISD,DALLAS,JAMES W FANNIN EL,1,794,97.48,0.49,38.5,3287,33147,20.6,26.5,98.36,79.09,9.19,5.29,26.83,57.1,95.8
DALLAS ISD,DALLAS,TOM W FIELD EL,1,431,97.22,0.54,23.8,3275,33921,18.1,17,96.75,65.2,12.3,5.34,48.49,46.09,95.6
DALLAS ISD,DALLAS,STEPHEN C FOSTER EL,1,1250,96.08,0.75,67.5,2869,33642,18.5,46.7,90.72,73.76,11.92,4.8,23.52,78.24,97.8
DALLAS ISD,DALLAS,JULIA C FRAZIER EL,1,330,99.09,0.18,22,3476,35038,15,15,98.48,3.03,22.42,7.88,21.21,78.5,94.7
DALLAS ISD,DALLAS,CHARLES A GILL EL,1,779,79.97,3.2,47,3427,33753,16.6,33,66.11,17.72,7.83,11.3,46.47,52.64,95
DALLAS ISD,DALLAS,TOM C GOOCH EL,1,347,71.47,4.08,25.2,3968,34040,13.8,18.7,47.26,18.44,0,8.93,39.19,75.12,96.7
DALLAS ISD,DALLAS,LENORE KIRK HALL EL,1,903,95.13,0.93,50,3033,33681,18.1,33,87.49,57.03,13.62,7.2,23.15,59.29,95.6
DALLAS ISD,DALLAS,N W HARLLEE EL,1,301,99,0.2,25.5,4823,33277,11.8,19.5,96.68,17.94,12.29,4.32,30.9,59.74,94.9
DALLAS ISD,DALLAS,FANNIE C HARRIS EL,1,153,98.69,0.26,11,5355,37137,13.9,10,96.08,18.95,0,1.96,17.65,77.3,94.8
DALLAS ISD,DALLAS,MARGARET B HENDERSON EL,1,1024,92.77,1.34,51.8,2931,32454,19.8,32,85.64,44.24,10.94,6.35,20.41,51.09,95.7
DALLAS ISD,DALLAS,VICTOR H HEXTER EL,1,602,49.5,5,34,3086,36558,17.7,32,47.84,28.57,13.62,14.95,28.9,82.06,95.6
DALLAS ISD,DALLAS,NATHANIEL HAWTHORNE EL,1,559,90.34,1.75,32.1,2979,36550,17.4,27.1,84.79,36.14,11.09,10.73,25.76,48.76,95.4
DALLAS ISD,DALLAS,JAMES S HOGG EL,1,726,97.93,0.41,40.1,3115,31514,18.1,22.1,92.56,66.94,14.05,6.47,30.99,24.07,95.7
DALLAS ISD,DALLAS,LIDA HOOE EL,1,1119,92.4,1.4,57,2943,33689,19.6,38.9,78.55,49.33,13.67,5.72,18.05,41.6,96.4
DALLAS ISD,DALLAS,L L HOTCHKISS EL,1,1058,82.7,2.86,60.8,2606,33415,17.4,42.3,79.87,31.57,10.68,5.77,34.69,54.95,95.4
DALLAS ISD,DALLAS,SAM HOUSTON EL,1,848,96.46,0.68,39.5,2822,33479,21.5,22.5,96.46,76.42,1.65,5.19,23.35,40.7,96.1
DALLAS ISD,DALLAS,JOHN IRELAND EL,1,832,94.83,0.98,47.6,3215,33981,17.5,33.6,86.3,34.74,14.06,10.34,32.57,44.44,96.1
DALLAS ISD,DALLAS,STONEWALL JACKSON EL,1,557,39.14,4.76,42.7,3029,34463,13.1,34.9,18.13,4.31,15.44,20.83,13.64,77.71,96.6
DALLAS ISD,DALLAS,ALBERT S JOHNSTON EL,1,602,100,,40.5,3880,34611,14.9,25.5,91.36,9.3,10.3,7.97,24.58,49.77,97.1
DALLAS ISD,DALLAS,ANSON JONES EL,1,1030,96.7,0.64,60.3,3192,34955,17.1,47.2,93.59,56.5,10.78,8.35,19.81,43.49,95.6
DALLAS ISD,DALLAS,EDWIN J KIEST EL,1,757,53.1,4.98,44.8,2911,36417,16.9,37.7,60.77,18.36,13.21,12.95,21.8,77.16,96
DALLAS ISD,DALLAS,KLEBERG EL,1,748,36.1,4.61,38,2894,34349,19.7,26,70.86,14.84,12.83,11.76,22.86,46.49,95.1
DALLAS ISD,DALLAS,OBADIAH KNIGHT EL,1,825,96.97,0.59,41.4,2833,33118,19.9,25.4,86.79,69.21,4.61,8.73,18.91,55.8,95.9
DALLAS ISD,DALLAS,ARTHUR KRAMER EL,1,759,73.25,3.92,44.2,3238,33200,17.2,33,64.56,27.54,15.02,12.78,25.69,74.54,97.1
DALLAS ISD,DALLAS,RICHARD LAGOW EL,1,667,39.73,4.79,38,3175,34844,17.6,25,72.11,15.59,11.09,11.84,35.23,41.07,94.1
DALLAS ISD,DALLAS,LAKEWOOD EL,1,782,46.93,4.98,39,2781,35107,20.1,29,44.12,19.57,21.74,8.44,17.65,74.21,96.3
DALLAS ISD,DALLAS,SIDNEY LANIER EL,1,836,90.43,1.73,43,3349,32104,19.4,24,85.89,41.51,16.27,11.36,20.1,53.49,95.8
DALLAS ISD,DALLAS,ROBERT E LEE EL,1,581,88.98,1.96,34,3334,34079,17.1,25,87.95,50.09,7.92,11.19,24.27,54.88,96.3
DALLAS ISD,DALLAS,UMPHREY LEE EL,1,647,99.54,0.09,38.7,3435,37675,16.7,33.7,86.09,0.31,9.43,8.96,26.28,47.87,96.3
DALLAS ISD,DALLAS,WILLIAM LIPSCOMB EL,1,1039,94.23,1.09,57.9,3017,32449,18,32.3,94.32,55.53,9.62,8.18,39.56,33.63,94.5
DALLAS ISD,DALLAS,LISBON EL,1,520,99.42,0.12,30,3363,35764,17.3,23,93.08,11.73,10.19,13.46,27.5,55.59,95.8
DALLAS ISD,DALLAS,B H MACON EL,1,749,76.23,3.62,42.5,3153,34709,17.6,34.5,85.18,29.91,9.75,12.42,24.7,53.97,95.1
DALLAS ISD,DALLAS,MAPLE LAWN EL,1,1346,96.88,0.6,62,2861,32090,21.7,34,92.5,63.3,7.8,5.87,46.29,45.03,96.2
DALLAS ISD,DALLAS,HERBERT MARCUS EL,1,932,95.06,0.94,48.5,2650,33843,19.2,29.7,91.42,72.64,11.7,10.62,30.26,69.94,96.5
DALLAS ISD,DALLAS,THOMAS L MARSALIS EL,1,539,99.26,0.15,31,3085,34455,17.4,21,66.23,0.37,12.06,4.64,19.67,63.63,96.8
DALLAS ISD,DALLAS,BEN MILAM EL,1,443,97.07,0.57,27,3617,35944,16.4,20,96.39,68.17,11.29,9.26,21.9,42.36,96
DALLAS ISD,DALLAS,WILLIAM B MILLER EL,1,503,99.6,0.08,36,3885,34443,14,27,89.86,3.18,11.73,9.74,23.66,44.54,95.8
DALLAS ISD,DALLAS,ROGER Q MILLS EL,1,628,99.52,0.1,40.8,3669,32428,15.4,26.8,92.36,12.58,10.67,10.19,26.59,41.94,93.7
DALLAS ISD,DALLAS,NANCY MOSELEY EL,1,532,36.65,4.64,30.3,3299,33231,17.5,21.5,78.95,12.41,9.02,11.84,30.08,38.94,93
DALLAS ISD,DALLAS,MOUNT AUBURN EL,1,1114,98.83,0.23,58,2979,34049,19.2,45,96.41,72.8,16.88,8.98,13.46,57.69,96.2
DALLAS ISD,DALLAS,CLARA OLIVER EL,1,254,99.61,0.08,18,4751,31256,14.1,10,85.43,3.15,24.8,19.29,30.71,44.26,94.6
DALLAS ISD,DALLAS,GEORGE PEABODY EL,1,716,96.09,0.75,36.2,3224,34167,19.8,21.2,92.46,53.21,15.22,6.98,25.84,58.7,95.3
DALLAS ISD,DALLAS,ELISHA M PEASE EL,1,548,99.82,0.04,35,3652,36494,15.7,25,96.35,0.55,10.4,7.48,26.82,27.8,97.4
DALLAS ISD,DALLAS,JOHN F PEELER EL,1,862,96.64,0.65,42.8,3055,31233,20.1,24,94.43,56.26,11.14,9.63,24.48,40.3,95.6
DALLAS ISD,DALLAS,JOHN J PERSHING EL,1,808,69.8,4.22,43,2685,36345,18.8,38,51.98,41.21,10.02,8.66,25.74,87.17,96.2
DALLAS ISD,DALLAS,K B POLK EL,1,553,90.42,1.73,34.1,3361,34560,16.2,25.3,76.85,16.27,31.28,5.79,18.99,59.96,96.8
DALLAS ISD,DALLAS,PRESTON HOLLOW EL,1,772,71.76,4.05,42.3,2764,34479,18.2,31.3,66.32,38.08,20.73,5.44,32.38,57.52,95.2
DALLAS ISD,DALLAS,J W RAY EL,1,342,97.95,0.4,21.5,4036,30087,15.9,7.5,96.2,4.97,10.82,7.6,18.71,36.4,95.4
DALLAS ISD,DALLAS,JOHN H REAGAN EL,1,896,98.44,0.31,37,3088,30662,24.2,22,96.09,68.86,18.19,6.81,23.88,54.78,96.7
DALLAS ISD,DALLAS,MARTHA TURNER REILLY EL,1,845,56.09,4.93,44.5,2895,33489,19,28.6,51.01,17.04,15.98,9.7,31.36,79.34,95.1
DALLAS ISD,DALLAS,REINHARDT EL,1,666,68.92,4.28,38,3243,37188,17.5,29,72.52,44.14,19.37,13.21,26.43,69.55,94.6
DALLAS ISD,DALLAS,JOSEPH J RHOADS EL,1,753,99.47,0.11,50,4019,33380,15.1,34,94.82,1.86,9.96,3.85,24.57,50.43,95.8
DALLAS ISD,DALLAS,CHARLES RICE EL,1,883,99.77,0.05,56.5,3632,33864,15.6,45.7,85.84,0.11,10.42,4.42,21.29,34.3,97.1
DALLAS ISD,DALLAS,ORAN M ROBERTS EL,1,596,97.99,0.39,32.3,3410,29891,18.4,12.9,98.32,65.94,11.74,8.89,29.19,21.89,95.4
DALLAS ISD,DALLAS,DAN D ROGERS EL,1,699,84.26,2.65,40,3231,35498,17.5,31,81.83,41.63,13.02,7.01,38.2,63.69,96.9
DALLAS ISD,DALLAS,ROSEMONT EL,1,963,77.88,3.45,56.1,3081,32026,17.2,29.7,70.4,31.98,20.98,9.45,32.09,48.65,94.9
DALLAS ISD,DALLAS,CLINTON P RUSSELL EL,1,344,97.97,0.4,18,3427,30575,19.1,7,97.38,40.41,18.02,4.07,35.76,65.5,97.4
DALLAS ISD,DALLAS,ALEX SANGER EL,1,708,72.6,3.98,33.7,2660,33178,21,18.9,74.58,13.56,12.99,7.06,22.6,60.15,97.2
DALLAS ISD,DALLAS,SAN JACINTO EL,1,675,95.11,0.93,33.8,3182,32504,20,23.8,94.22,22.22,12,11.85,35.56,32.71,93.9
DALLAS ISD,DALLAS,SEAGOVILLE EL,1,775,20.52,3.26,42.3,3006,35446,18.3,35.3,61.03,5.42,11.1,10.06,22.32,67.5,94.8
DALLAS ISD,DALLAS,ASCHER SILBERSTEIN EL,1,741,93.93,1.14,34.4,2906,35406,21.5,25.4,90.96,63.29,12.42,6.07,29.15,67.86,95
DALLAS ISD,DALLAS,LESLIE A STEMMONS EL,1,834,92.09,1.46,47,2959,34126,17.7,29,71.94,23.5,9.59,4.8,20.5,50.03,98
DALLAS ISD,DALLAS,STEVENS PARK EL,1,871,91.85,1.5,45.9,2887,33569,19,37,88.52,47.3,11.94,7.58,38,59.17,96
DALLAS ISD,DALLAS,HARRY STONE MONTESSORI,3,546,68.68,4.3,20.8,4162,35936,26.3,18.2,41.39,4.03,18.68,3.66,4.21,61.24,97.3
DALLAS ISD,DALLAS,T G TERRY EL,1,564,96.63,0.65,35,3397,34834,16.1,23.1,84.22,15.43,12.41,8.51,24.47,43.24,96.7
DALLAS ISD,DALLAS,H S THOMPSON EL,1,962,99.48,0.1,64.5,3885,33410,14.9,45.2,95.63,7.17,19.23,9.25,28.48,28.17,95.6
DALLAS ISD,DALLAS,ROBERT L THORNTON EL,1,928,99.78,0.04,47,2957,34729,19.7,37,67.67,0,11.31,7.54,14.22,50.55,97.1
DALLAS ISD,DALLAS,EDWARD TITCHE EL,1,1437,96.31,0.71,66.3,2864,31357,21.7,35.1,80.65,19.28,9.19,7.24,28.6,32.37,95
DALLAS ISD,DALLAS,WILLIAM B TRAVIS EL,1,568,97.71,0.45,30,3436,31490,18.9,18,97.71,67.43,19.37,7.22,34.86,41.75,95.1
DALLAS ISD,DALLAS,GEORGE W TRUETT EL,1,923,85.37,2.5,52,3033,33614,17.8,30,84.72,26.87,10.83,10.73,42.58,59.53,94.5
DALLAS ISD,DALLAS,ADELLE TURNER EL,1,744,99.73,0.05,36,2652,35327,20.7,30,40.73,0.27,11.96,5.51,12.1,39.06,98
DALLAS ISD,DALLAS,MARK TWAIN EL,1,703,98.72,0.25,46.3,3568,35380,15.2,32.6,72.12,0.57,12.09,5.97,23.19,50.63,96.3
DALLAS ISD,DALLAS,PRISCILLA L TYLER EL,1,174,99.43,0.11,14,6023,28567,12.4,5,98.28,6.9,13.79,12.07,14.94,69.6,93.9
DALLAS ISD,DALLAS,URBAN PARK EL,1,764,87.3,2.22,38.2,2982,33145,20,27.2,89.92,52.23,12.43,6.81,26.7,58.94,95.2
DALLAS ISD,DALLAS,WALNUT HILL EL,1,442,52.49,4.99,28.1,3842,33149,15.7,23.2,28.28,9.5,11.31,17.19,11.09,74.49,97.1
DALLAS ISD,DALLAS,DANIEL WEBSTER EL,1,1041,98.94,0.21,56,3209,34177,18.6,34,85.21,7.3,13.74,7.88,43.32,37.66,94.3
DALLAS ISD,DALLAS,MARTIN WEISS EL,1,612,85.78,2.44,33,3043,35409,18.5,26,88.89,28.1,17.81,9.48,17.65,65.64,96.5
DALLAS ISD,DALLAS,PHYLLIS WHEATLEY EL,1,185,99.46,0.11,12,4810,34624,15.4,9,92.97,0,8.65,3.78,23.24,82.8,97.1
DALLAS ISD,DALLAS,SUDIE L WILLIAMS EL,1,354,78.53,3.37,31,3903,33005,11.4,22.1,65.82,20.34,14.41,27.97,16.38,55.93,94.8
DALLAS ISD,DALLAS,WINNETKA EL,1,894,97.54,0.48,47,2942,34074,19,31.1,89.71,50.56,13.31,5.82,19.91,34.23,96.4
DALLAS ISD,DALLAS,HARRY C WITHERS EL,1,494,64.17,4.6,26.9,3069,30878,18.3,13,55.26,38.46,22.06,7.49,21.66,70.75,96.5
DALLAS ISD,DALLAS,EDNA ROWE EL,1,777,96.65,0.65,39.6,2876,35119,19.6,29,72.46,3.73,8.75,9.27,42.99,46.25,95.3
DALLAS ISD,DALLAS,NATHAN ADAMS EL,1,675,47.26,4.98,35.7,2891,34965,18.9,26.2,33.63,13.33,6.37,9.19,28.59,85.17,96.2
DALLAS ISD,DALLAS,BIRDIE ALEXANDER EL,1,603,98.51,0.29,35,3120,34706,17.2,21,73.13,1.16,9.95,10.45,27.36,58.96,96.5
DALLAS ISD,DALLAS,NANCY J COCHRAN EL,1,702,96.01,0.77,42.1,3277,34365,16.7,30,94.3,30.48,13.68,11.82,34.47,66.1,95.9
DALLAS ISD,DALLAS,JOHN W RUNYON EL,1,1004,91.43,1.57,52.8,3091,34035,19,34.8,86.95,27.19,11.16,10.16,33.47,41.35,94.4
DALLAS ISD,DALLAS,T D MARSHALL EL,1,446,99.78,0.04,23,3259,34949,19.4,18,84.98,4.71,14.57,6.28,18.16,56.8,96.9
DALLAS ISD,DALLAS,R C BUCKNER EL,1,605,97.85,0.42,29,2950,34867,20.9,23,96.86,54.71,2.98,4.3,20.66,52.9,96.6
DALLAS ISD,DALLAS,JOSE NAVARRO EL,1,219,99.09,0.18,15,5008,34200,14.6,10,99.54,9.59,8.68,11.42,35.62,35.5,95.9
DALLAS ISD,DALLAS,ERASMO SEGUIN EL,1,607,98.68,0.26,39,3395,32480,15.6,25,97.2,29.98,9.06,4.12,24.71,67.1,96.7
DALLAS ISD,DALLAS,WHITNEY M YOUNG EL,1,341,99.12,0.17,25,4300,33255,13.6,13,91.2,13.2,10.26,12.61,44.87,40.59,94.3
DALLAS ISD,DALLAS,M JACKSON EL,1,601,98.17,0.36,38.8,3738,35892,15.5,22.8,87.35,13.31,12.48,8.32,22.46,39.57,97.8
DALLAS ISD,DALLAS,JOSEPH MCMILLAN PRI,3,341,99.41,0.12,21.3,3408,32530,16,14.3,83.87,6.74,16.72,9.97,21.41,62.9,95.9
DALLAS ISD,DALLAS,J LESLIE PATTON INT,2,183,100,,13.7,4346,33139,13.3,10.7,84.15,9.84,12.57,17.49,29.51,54.42,97.2
DALLAS ISD,DALLAS,LORENZO DE ZAVALA EL,1,402,98.01,0.39,21.2,3870,31213,19,13.4,98.51,67.41,8.96,4.23,17.16,32,95.6
DALLAS ISD,DALLAS,SEQUOYAH EL,1,380,99.21,0.16,35.5,6548,34605,10.7,27.5,96.05,19.74,18.95,23.16,26.32,43.45,96.1
DALLAS ISD,DALLAS,J P STARKS EL,1,530,98.11,0.37,29.9,2987,35582,17.7,21,96.42,10.19,11.7,4.34,29.81,58.75,95.8
DALLAS ISD,DALLAS,RONALD E MCNAIR EL,1,601,99.67,0.07,39,3456,31467,15.4,20,87.52,0.83,14.64,6.49,40.77,34.83,96.1
DALLAS ISD,DALLAS,ELADIO R MARTINEZ EL,1,852,98.59,0.28,61.1,4111,30729,13.9,34,93.9,48.36,14.44,7.86,14.08,54.7,95.5
DALLAS ISD,DALLAS,FREDERICK DOUGLASS EL,1,555,98.74,0.25,30.8,3275,31424,18,14,95.86,9.37,7.75,4.86,28.11,47.9,95.6
DALLAS ISD,DALLAS,DANIEL JAMES LEARN CTR,3,344,99.42,0.12,32,6802,36162,10.8,30,96.22,8.72,15.41,21.8,44.48,29.57,94.1
DE SOTO ISD,DALLAS,RUBY YOUNG EL,1,442,41.63,4.86,29.6,3263,29517,14.9,19.3,23.53,3.39,7.01,9.95,16.52,68.38,97.2
DE SOTO ISD,DALLAS,NORTHSIDE EL,1,476,73.95,3.85,32.4,3111,29201,14.7,15.5,38.03,4.62,7.14,10.71,19.75,66.8,96.5
DE SOTO ISD,DALLAS,AMBER TERRACE INT,2,655,38.63,4.74,35.2,2630,30664,18.6,24.2,23.21,1.68,11.45,11.15,21.22,60.1,96.8
DE SOTO ISD,DALLAS,BELT LINE EL,1,463,40.82,4.83,26.1,2722,31595,17.8,19.5,22.25,2.38,6.48,9.94,18.14,74.74,96.9
DE SOTO ISD,DALLAS,THE MEADOWS INT,2,409,54.52,4.96,30,3901,32253,13.6,23.9,24.69,1.96,14.67,14.67,24.45,74.1,96.9
DE SOTO ISD,DALLAS,COCKRELL HILL EL,1,452,34.73,4.53,27.6,3416,34444,16.4,23.3,15.49,0.44,11.28,8.85,10.18,75.59,97.1
DE SOTO ISD,DALLAS,FRANK D MOATES EL,1,538,35.87,4.6,32.8,2856,30432,16.4,21,36.25,3.53,4.28,6.69,24.35,57.36,96
DUNCANVILLE ISD,DALLAS,CENTRAL EL,1,526,58.75,4.85,29,3124,32878,18.1,23,52.28,11.41,4.56,15.02,18.06,68.44,95.6
DUNCANVILLE ISD,DALLAS,FAIRMEADOWS EL,1,602,51.99,4.99,35,2704,29095,17.2,18,51.99,12.96,3.32,8.14,22.09,70.36,96.6
DUNCANVILLE ISD,DALLAS,MERRIFIELD EL,1,555,51.71,4.99,30.2,2396,28666,18.4,16.3,37.48,2.52,5.41,9.73,21.08,75.43,96.6
DUNCANVILLE ISD,DALLAS,HASTINGS EL,1,441,41.27,4.85,24.4,2707,32216,18.1,20.4,28.57,6.12,8.62,7.94,15.65,65.58,96.9
DUNCANVILLE ISD,DALLAS,ALEXANDER EL,1,355,27.32,3.97,24.7,3712,33845,14.4,22.7,13.52,0,4.23,16.34,13.8,81.07,96.8
DUNCANVILLE ISD,DALLAS,SMITH EL,1,356,48.31,4.99,24,3616,32397,14.8,18,27.81,0,5.34,8.99,11.8,72.49,96.9
DUNCANVILLE ISD,DALLAS,ACTON EL,1,497,63.58,4.63,28.3,2724,29532,17.5,15.5,34.61,3.62,5.23,9.26,17.71,75.86,97.1
DUNCANVILLE ISD,DALLAS,DANIEL INT,2,669,42.15,4.88,38.1,2777,32250,17.6,25.1,24.07,2.99,15.4,10.01,14.95,77.9,96.7
DUNCANVILLE ISD,DALLAS,HARDIN INT,2,582,45.02,4.95,34.8,2868,30872,16.7,23.7,42.44,2.23,13.4,13.57,22.51,74.2,95.9
DUNCANVILLE ISD,DALLAS,BRANDENBURG INT,2,543,44.57,4.94,37.7,3301,32920,14.4,27.8,23.2,0.18,14.36,14,19.15,72.92,97
GARLAND ISD,DALLAS,BEAVER EL,1,289,58.48,4.86,20.5,4003,31504,14.1,15,54.33,6.57,0.69,10.38,43.25,89.43,96.7
GARLAND ISD,DALLAS,BULLOCK EL,1,396,61.36,4.74,25.5,3112,28893,15.5,13,75.76,16.67,0.25,16.16,28.28,80.97,96.6
GARLAND ISD,DALLAS,CALDWELL EL,1,306,53.27,4.98,21.8,3318,29076,14.1,12,65.36,0,0.33,15.69,47.39,88.99,95.4
GARLAND ISD,DALLAS,CENTERVILLE EL,1,326,60.12,4.8,21.1,3451,29581,15.4,16.1,59.82,12.58,0.31,25.15,19.94,89.23,95.9
GARLAND ISD,DALLAS,COOPER EL,1,619,29.73,4.18,35.1,2574,29861,17.7,19,15.99,9.69,2.58,9.53,7.11,91.89,97.6
GARLAND ISD,DALLAS,DAUGHERTY EL,1,466,58.15,4.87,25.5,2651,30264,18.3,20,69.74,9.66,0.21,10.3,19.1,65.84,96.5
GARLAND ISD,DALLAS,FREEMAN EL,1,343,55.69,4.94,20.1,3307,31169,17.1,12.1,69.39,6.41,0.58,14.87,23.03,62.18,96
GARLAND ISD,DALLAS,HANDLEY EL,1,478,43.72,4.92,27,2801,31118,17.7,24,37.87,0,0.84,12.13,24.06,68.46,96.3
GARLAND ISD,DALLAS,KIMBERLIN ACAD FOR EXCEL,1,523,36.9,4.66,29.4,3039,31342,17.8,22.4,28.68,7.84,77.25,4.97,5.93,96.8,97.5
GARLAND ISD,DALLAS,PARK CREST EL,1,576,44.27,4.93,33.7,2741,31048,17.1,24.8,53.13,10.94,0.52,10.94,27.26,73.22,95.9
GARLAND ISD,DALLAS,SOUTHGATE EL,1,522,42.91,4.9,31.5,2889,30850,16.6,20.5,43.68,22.22,1.72,10.34,26.25,85.82,97.2
GARLAND ISD,DALLAS,WATSON EL,1,324,65.12,4.54,21,3738,29913,15.5,12,73.46,13.27,0.62,23.15,15.43,73.52,96.5
GARLAND ISD,DALLAS,WEAVER EL,1,557,48.65,5,29.9,2682,32264,18.6,26.5,39.32,0,0.72,11.31,22.08,59.8,96.5
GARLAND ISD,DALLAS,WILLIAMS EL,1,323,40.25,4.81,23.7,3736,29160,13.6,12.7,48.61,23.53,0.62,14.55,16.41,76.77,96.6
GARLAND ISD,DALLAS,BRADFIELD EL,1,363,52.89,4.98,25.2,3536,30902,14.4,18,49.86,0,1.93,17.91,23.14,77.81,96.7
GARLAND ISD,DALLAS,SHOREHAVEN EL,1,338,54.73,4.96,22.6,3448,30355,15,15.6,65.09,2.66,0,18.93,24.26,76.55,96
GARLAND ISD,DALLAS,MONTCLAIR EL,1,580,42.76,4.9,33.5,2928,30604,17.3,27.5,40.69,15.34,1.21,13.45,19.66,77.95,97.3
GARLAND ISD,DALLAS,WALNUT GLEN ACAD FOR EXCEL,1,383,36.81,4.65,21.6,3255,29819,17.7,18.7,27.68,0,67.89,8.36,19.06,92.3,97.1
GARLAND ISD,DALLAS,GOLDEN MEADOWS EL,1,658,53.5,4.98,35.5,2635,30434,18.5,17.5,58.21,24.92,0.61,8.66,16.87,72.45,96.8
GARLAND ISD,DALLAS,HEATHER GLEN EL,1,604,42.38,4.88,34.5,2657,29589,17.5,21,38.41,17.38,2.65,16.39,18.21,89.59,97.6
GARLAND ISD,DALLAS,HILLSIDE ACAD FOR EXCEL,1,387,35.4,4.57,23.1,3268,31415,16.8,18.1,28.68,4.65,67.7,6.46,9.56,92.43,97.3
GARLAND ISD,DALLAS,DAVIS EL,1,418,57.66,4.88,27.6,3860,30367,15.1,15,46.17,9.81,0.96,13.4,20.57,78.16,96.3
GARLAND ISD,DALLAS,ROACH EL,1,335,44.78,4.95,21,2964,31508,16,17,44.48,0,2.69,14.33,37.91,98.21,96.5
GARLAND ISD,DALLAS,ETHRIDGE EL,1,734,39.65,4.79,38.9,2414,29474,18.8,27,29.84,11.17,1.5,9.26,18.12,90.01,96.9
GARLAND ISD,DALLAS,VIAL EL,1,560,54.11,4.97,30.9,2358,26193,18.1,7,62.32,0,0.54,7.86,42.68,51.86,95.9
GARLAND ISD,DALLAS,CLUB HILL EL,1,762,27.95,4.03,38,2454,31437,20.1,31.2,19.42,2.89,0.92,12.47,12.47,91.03,97.3
GARLAND ISD,DALLAS,HICKMAN EL,1,641,48.21,4.99,32.2,2559,31917,19.9,25.1,29.33,8.58,0.94,9.98,18.56,88.98,96.9
GARLAND ISD,DALLAS,NORTHLAKE EL,1,615,42.6,4.89,34.4,2576,28699,17.9,22,32.03,12.52,1.63,8.46,21.46,82.97,96.7
GARLAND ISD,DALLAS,TOLER EL,1,735,38.37,4.73,39.4,2359,27933,18.7,19,29.93,15.65,0.95,12.93,16.46,80.8,96.7
GARLAND ISD,DALLAS,ROWLETT EL,1,757,33.29,4.44,38.3,2297,29543,19.8,23,28.67,9.64,1.72,12.02,11.62,91.66,97.1
GARLAND ISD,DALLAS,SPRING CREEK EL,1,729,41.56,4.86,41.9,2688,30896,17.4,30.9,30.59,12.89,1.51,9.74,17.56,88.67,97.1
GARLAND ISD,DALLAS,LUNA EL,1,705,41.13,4.84,45.3,2778,29769,15.6,29.3,36.6,34.75,0.85,9.93,23.97,96.64,97.2
GARLAND ISD,DALLAS,BACK EL,1,908,37.67,4.7,50.7,2308,29464,17.9,33.8,26.32,13.44,0.77,9.14,12.22,85.47,97
GARLAND ISD,DALLAS,SHUGART EL,1,787,33.42,4.45,41.9,2395,29367,18.8,24.2,26.68,9.66,0.76,11.56,16.65,85.07,97.2
GARLAND ISD,DALLAS,HERFURTH EL,1,766,34.99,4.55,39.1,2362,28564,19.6,25,24.67,12.79,1.57,7.18,15.54,77.49,97.2
GARLAND ISD,DALLAS,ABBETT EL,1,733,35.74,4.59,38.9,2432,28587,18.9,19.6,22.51,13.23,1.91,8.87,14.46,99.02,97.2
GARLAND ISD,DALLAS,KEELEY EL,1,725,30.76,4.26,40.1,2522,28374,18.1,20.6,25.38,13.93,0.83,12.14,16.83,91.96,97.3
GARLAND ISD,DALLAS,ROBERT B SEWELL EL,1,830,28.8,4.1,46.2,2571,29410,18,29.2,30,19.64,1.08,11.57,13.01,90.54,97.3
GARLAND ISD,DALLAS,KATHRINE STEPHENS EL,1,779,34.92,4.55,44.5,2474,27023,17.5,14,28.5,11.55,1.41,12.58,27.86,89.26,96.1
GARLAND ISD,DALLAS,VERNAL LISTER EL,1,712,37.36,4.68,36.9,2558,27966,19.3,17.2,21.63,4.07,2.39,9.69,0,82.94,0
GRAND PRAIRIE ISD,DALLAS,JEFFERSON INT,2,506,63.24,4.65,38.8,4394,29644,13,22.3,76.48,10.28,1.98,27.67,30.24,69.2,96.4
GRAND PRAIRIE ISD,DALLAS,AUSTIN EL,1,395,71.65,4.06,25,3645,34508,15.8,18.3,68.35,19.75,2.78,10.38,27.34,87.82,96.4
GRAND PRAIRIE ISD,DALLAS,BOWIE EL,1,551,55.9,4.93,30.7,2882,31248,17.9,17,74.05,9.98,1.27,13.97,35.75,77.14,95.9
GRAND PRAIRIE ISD,DALLAS,CROCKETT EL,1,570,74.21,3.83,32,2859,33088,17.8,15.8,86.49,22.46,0.88,9.65,27.72,56.82,95.5
GRAND PRAIRIE ISD,DALLAS,DANIELS EL,1,299,65.22,4.54,22.4,4626,30612,13.3,10.4,73.58,0,3.34,28.43,24.08,63.59,95.1
GRAND PRAIRIE ISD,DALLAS,FANNIN EL,1,360,60.83,4.77,22.8,3797,31815,15.8,14,74.17,26.94,1.67,10,21.67,62.99,96.6
GRAND PRAIRIE ISD,DALLAS,FLORENCE HILL EL,1,523,33.84,4.48,33.7,3509,31424,15.5,22.6,15.87,0.38,9.18,17.21,9.75,76.4,97.5
GRAND PRAIRIE ISD,DALLAS,SAM HOUSTON EL,1,563,74.42,3.81,31.4,2678,28897,18,12,79.04,24.33,2.84,9.06,30.55,82.62,96
GRAND PRAIRIE ISD,DALLAS,LAMAR EL,1,261,79.31,3.28,18.2,4289,31217,14.3,8.9,82.38,32.95,1.53,9.96,24.52,54.27,96.4
GRAND PRAIRIE ISD,DALLAS,MILAM EL,1,600,50.17,5,33.5,3183,33004,17.9,24.5,53,8.67,5.67,13.83,19.83,94.63,96.7
GRAND PRAIRIE ISD,DALLAS,TRAVIS EL,1,375,77.6,3.48,21.8,3540,33490,17.2,12.6,78.13,29.07,0.8,12.8,22.67,47.15,96.6
GRAND PRAIRIE ISD,DALLAS,BONHAM EL,1,848,72.05,4.03,44.4,3150,34304,19.1,27.5,66.27,22.76,2.48,9.08,21.58,68.69,96.2
GRAND PRAIRIE ISD,DALLAS,EISENHOWER EL,1,531,32.2,4.37,28.2,2960,34189,18.8,20,31.45,0,7.16,11.49,20.15,87.97,97
GRAND PRAIRIE ISD,DALLAS,JOHNSON EL,1,733,63.85,4.62,42.9,2800,30736,17.1,22,45.43,9.14,4.09,14.46,19.1,63.89,96.8
GRAND PRAIRIE ISD,DALLAS,SAM RAYBURN EL,1,584,63.36,4.64,32.5,3083,32588,18,20.6,55.99,3.6,2.57,17.12,23.97,70.98,95.9
GRAND PRAIRIE ISD,DALLAS,ZAVALA EL,1,638,44.83,4.95,31.7,2723,33589,20.1,22.9,25.71,3.76,8.15,9.25,14.11,89.29,97.3
GRAND PRAIRIE ISD,DALLAS,DICKINSON EL,1,452,33.19,4.43,26.2,3170,33067,17.2,19,21.24,1.99,9.51,13.94,19.69,76.53,97.5
GRAND PRAIRIE ISD,DALLAS,JOHN GARNER EL,1,658,27.96,4.03,37.1,2975,34106,17.7,27,8.97,1.67,9.57,6.84,8.36,86.49,97.4
HIGHLAND PARK ISD,DALLAS,ARMSTRONG EL,1,436,3.44,0.66,30,4123,36410,14.5,25,0,0,7.8,10.09,5.96,95.38,97.1
HIGHLAND PARK ISD,DALLAS,BRADFIELD EL,1,541,1.48,0.29,35.1,3751,32569,15.4,23.6,0,0,5.73,11.83,6.1,92.89,97.2
HIGHLAND PARK ISD,DALLAS,HYER EL,1,556,0.18,0.04,34.7,3616,34439,16,26.9,0,0,6.83,8.09,3.78,98.93,97.4
HIGHLAND PARK ISD,DALLAS,UNIVERSITY PARK EL,1,636,2.83,0.55,37.5,3280,34295,17,26,0,0,6.29,7.39,5.35,93.56,96.9
HIGHLAND PARK ISD,DALLAS,MCCULLOCH INT,2,858,2.68,0.52,59.3,3305,33026,14.5,33.3,0,0,12.94,12.82,0,95.9,0
IRVING ISD,DALLAS,BARTON EL,1,875,72,4.03,49.9,3458,30943,17.5,26.8,68.8,56.46,2.4,8,28.23,68.36,96.8
IRVING ISD,DALLAS,OTIS BROWN EL,1,795,34.97,4.55,47.9,3972,34079,16.6,39.8,37.36,4.65,5.66,14.21,24.4,84.17,96.8
IRVING ISD,DALLAS,BRITAIN EL,1,826,62.35,4.69,51.7,3808,31830,16,35.7,71.43,34.02,1.94,14.29,24.21,70.3,96.4
IRVING ISD,DALLAS,GOOD EL,1,1090,78.62,3.36,60.3,3171,29235,18.1,26.9,75.23,59.08,1.65,5.87,26.06,69.54,97
IRVING ISD,DALLAS,HALEY J EL,1,815,71.41,4.08,45.6,3598,28866,17.9,16.6,78.16,48.83,2.82,7.61,25.4,65,96.8
IRVING ISD,DALLAS,HALEY T EL,1,708,58.9,4.84,45.2,3807,30326,15.7,25.5,39.69,2.97,6.64,13.42,37.15,79.08,97.2
IRVING ISD,DALLAS,JOHNSTON EL,1,652,44.63,4.94,45.7,4696,31970,14.3,29.5,41.26,2.76,3.83,20.4,27.61,72.98,96.5
IRVING ISD,DALLAS,KEYES EL,1,1066,72.61,3.98,59.5,3085,31422,17.9,35.6,72.14,30.21,1.69,9.85,22.33,63.7,96.6
IRVING ISD,DALLAS,LEE EL,1,711,45.99,4.97,42.5,3628,31486,16.7,22.2,42.33,3.38,7.31,12.66,26.3,73.04,96.5
IRVING ISD,DALLAS,LIVELY EL,1,713,33.52,4.46,44.5,4008,32934,16,31.1,34.92,1.26,8.27,16.41,23.14,79.11,96.9
IRVING ISD,DALLAS,FARINE EL,1,885,52.77,4.98,49.6,3393,31816,17.8,30.7,43.5,23.05,7.57,11.41,21.92,77.02,97.3
IRVING ISD,DALLAS,J O SCHULZE EL,1,918,72.98,3.94,52.5,3645,29947,17.5,27.8,78.43,46.3,2.29,8.06,28.1,59.89,96.6
IRVING ISD,DALLAS,BRANDENBURG EL,1,981,66.46,4.46,49.8,3063,32252,19.7,31.8,60.04,45.67,3.77,5.91,18.35,70.4,97.4
IRVING ISD,DALLAS,ELLIOTT EL,1,872,27.87,4.02,48.6,3414,31576,17.9,29.1,32.34,2.18,6.42,12.16,14.91,86.28,97
IRVING ISD,DALLAS,HANES EL,1,786,54.2,4.96,42.9,3331,29644,18.3,21.8,40.71,19.72,3.82,11.32,25.7,77.57,97.4
IRVING ISD,DALLAS,TOWNLEY EL,1,871,47.3,4.99,49,3595,33434,17.8,33.9,39.84,18.83,7.23,13.66,12.86,87.4,97.1
IRVING ISD,DALLAS,J O DAVIS EL,1,926,54.75,4.95,50.1,2850,28657,18.5,17,44.38,9.61,4.75,13.82,26.57,75.77,96.5
LANCASTER ISD,DALLAS,PLEASANT RUN EL,1,331,65.26,4.53,18.3,2590,31015,18.1,11.6,0,2.42,3.32,8.16,23.87,41.06,96.7
LANCASTER ISD,DALLAS,HOUSTON EL,1,233,72.96,3.95,16,3461,31796,14.5,11.1,31.33,26.61,4.72,14.16,20.17,76.87,96.8
LANCASTER ISD,DALLAS,WEST MAIN EL,1,339,43.07,4.9,20.2,2761,30282,16.8,13.7,0,1.18,10.62,10.32,17.99,76.56,97.2
LANCASTER ISD,DALLAS,LANCASTER INT,2,518,62.36,4.69,31.3,2687,26529,16.6,14.2,13.71,4.25,10.81,12.36,22.39,57.1,96.9
LANCASTER ISD,DALLAS,MILLBROOK EL,1,461,80.91,3.09,28.3,2323,26882,16.3,13.3,0,1.74,2.17,12.36,19.52,51.61,97.2
LANCASTER ISD,DALLAS,ROLLING HILLS EL,1,413,57.38,4.89,26.1,2701,28769,15.8,16.2,0.48,1.21,5.81,13.56,26.63,59.68,96.7
MESQUITE ISD,DALLAS,BLACK EL,1,803,18.43,3.01,40.8,3225,33186,19.7,25.7,24.91,1.25,2.86,14.32,15.57,56.9,96
MESQUITE ISD,DALLAS,FLORENCE EL,1,559,46.15,4.97,30.7,3530,34620,18.2,25.7,40.61,22.72,2.5,15.03,22,70.35,96.2
MESQUITE ISD,DALLAS,GALLOWAY EL,1,530,21.51,3.38,28.1,3497,33943,18.8,19.7,45.47,0.57,3.4,13.02,24.53,49.82,95.8
MESQUITE ISD,DALLAS,JOHN HANBY EL,1,777,35.78,4.6,45.6,3145,30847,17.1,27.1,57.27,4.25,1.54,13.9,33.59,74.79,95.2
MESQUITE ISD,DALLAS,HODGES EL,1,832,23.92,3.64,47,2951,31450,17.7,30,48.8,2.52,1.2,16.11,24.76,63.18,95.5
MESQUITE ISD,DALLAS,MCWHORTER EL,1,648,31.79,4.34,35.2,2934,29530,18.4,17,55.86,3.7,1.7,14.04,34.72,60.73,95.1
MESQUITE ISD,DALLAS,MOTLEY EL,1,349,30.95,4.27,30.3,4871,34497,11.5,23.3,51,5.73,2.58,17.19,24.64,78.24,96.8
MESQUITE ISD,DALLAS,RANGE EL,1,647,31.68,4.33,34.3,3006,32284,18.9,21.8,38.79,3.25,2.63,12.98,27.2,66.26,95.7
MESQUITE ISD,DALLAS,RUGEL EL,1,540,18.52,3.02,30.2,3576,35626,17.9,25.8,17.22,1.48,4.81,12.96,9.63,74.88,96.6
MESQUITE ISD,DALLAS,RUTHERFORD EL,1,951,17.25,2.85,47.5,2506,29872,20,22.5,15.56,0.95,4.73,9.57,11.78,69.78,96.3
MESQUITE ISD,DALLAS,SHANDS EL,1,577,19.93,3.19,28.6,3156,32118,20.2,16.6,29.12,0.87,3.99,17.33,23.22,68.88,95.6
MESQUITE ISD,DALLAS,TISINGER EL,1,839,30.75,4.26,44.4,2573,31297,18.9,30.2,55.54,4.77,2.74,13.71,20.98,65.73,94.8
MESQUITE ISD,DALLAS,TOSCH EL,1,409,25.18,3.77,22.3,4339,30983,18.4,12.8,27.14,2.93,4.65,11.74,18.34,76.71,96.3
MESQUITE ISD,DALLAS,S M SEABOURN EL,1,503,35.79,4.6,32.9,4155,31328,15.3,19.5,44.33,6.96,2.78,16.7,48.11,57.11,94.9
MESQUITE ISD,DALLAS,LAWRENCE EL,1,369,18.16,2.97,34.4,6213,31780,10.7,23.3,35.23,1.08,2.17,28.18,30.08,59.7,95.6
MESQUITE ISD,DALLAS,FLOYD EL,1,778,32.13,4.36,39.7,2933,30616,19.6,21.7,61.05,3.34,1.16,12.98,28.79,54.2,94.9
MESQUITE ISD,DALLAS,PORTER EL,1,399,23.81,3.63,23.2,3695,32647,17.2,16.2,19.55,2.51,6.02,14.29,10.03,85.78,97
MESQUITE ISD,DALLAS,MCKENZIE EL,1,454,30.18,4.21,25.5,3526,35588,17.8,21,22.03,4.41,4.63,11.67,16.74,76.51,96.4
MESQUITE ISD,DALLAS,C W BEASLEY EL,1,570,21.58,3.38,28.2,3319,36875,20.2,27.2,12.28,4.04,5.26,12.46,9.12,79.97,96.7
MESQUITE ISD,DALLAS,VERNON PRICE EL,1,581,25.99,3.85,29,2874,31227,20,16,11.36,1.55,8.43,9.29,9.29,76.19,97.2
MESQUITE ISD,DALLAS,RUBY SHAW EL,1,790,33.67,4.47,37.4,2721,32085,21.1,23,22.53,2.41,4.81,11.77,13.67,64.85,96.2
MESQUITE ISD,DALLAS,GEORGIA W KIMBALL EL,1,427,22.48,3.49,21.9,3239,34013,19.5,16.9,8.9,2.58,12.88,10.3,6.79,94.63,97.8
MESQUITE ISD,DALLAS,JOEY M PIRRUNG EL,1,638,27.12,3.95,33,3518,30769,19.3,21.1,8.78,3.29,5.64,13.48,20.69,89.7,96.7
MESQUITE ISD,DALLAS,J C CANNADAY EL,1,711,35.16,4.56,35.5,2654,29441,20,16.5,21.24,3.09,5.2,16.32,20.11,71.57,96.9
MESQUITE ISD,DALLAS,J C AUSTIN EL,1,584,19.69,3.16,28.6,2790,29311,20.4,10.6,8.73,2.4,8.05,12.16,10.1,79.36,97.3
MESQUITE ISD,DALLAS,MARY MOSS EL,1,533,28.14,4.04,27.3,2663,29981,19.5,15.8,20.83,1.69,4.32,9.76,19.14,65.77,96.7
MESQUITE ISD,DALLAS,THOMPSON EL,1,639,24.57,3.71,29.7,3021,28016,21.5,9.3,12.05,2.19,3.13,10.95,0,75.73,0
RICHARDSON ISD,DALLAS,ARAPAHO EL,1,282,19.15,3.1,19.9,3398,32409,14.2,11.3,11.7,2.84,7.45,14.89,12.06,84.93,97
RICHARDSON ISD,DALLAS,CANYON CREEK EL,1,265,3.77,0.73,18.9,3792,34210,14,17.5,2.26,0.38,9.43,6.04,6.79,91.05,97.2
RICHARDSON ISD,DALLAS,DOVER EL,1,328,57.93,4.87,22.5,3625,33718,14.6,13,50.61,29.27,2.74,6.71,63.11,89.63,96.4
RICHARDSON ISD,DALLAS,GREENWOOD HILLS EL,1,344,18.31,2.99,24.9,4189,32545,13.8,19.9,19.77,2.62,6.4,16.28,15.7,91.31,96.3
RICHARDSON ISD,DALLAS,HAMILTON PARK EL,1,669,56.35,4.92,49.9,4487,36526,13.4,41,33.03,9.27,16.89,11.66,5.08,75.47,97.1
RICHARDSON ISD,DALLAS,O HENRY EL,1,479,37.58,4.69,26.6,2704,34164,18,20.6,23.38,18.58,2.71,17.33,11.9,70.1,96.6
RICHARDSON ISD,DALLAS,LAKE HIGHLANDS EL,1,669,53.06,4.98,44.5,3122,31834,15,29,51.27,26.61,6.43,12.56,13.75,70.61,96.3
RICHARDSON ISD,DALLAS,MOHAWK EL,1,351,18.23,2.98,19,2771,37581,18.5,17,9.12,7.12,14.53,9.12,10.26,97.41,97.6
RICHARDSON ISD,DALLAS,NORTHRICH EL,1,412,25.73,3.82,27.4,3231,33564,15,17,18.93,6.8,4.85,17.72,15.78,85.77,96.8
RICHARDSON ISD,DALLAS,NORTHWOOD HILLS EL,1,501,46.71,4.98,29,2612,35838,17.3,22,39.52,24.95,9.78,6.99,22.75,79.95,96.4
RICHARDSON ISD,DALLAS,RICHARDSON HEIGHTS EL,1,513,35.48,4.58,32,2992,35809,16,27,34.5,11.5,5.07,14.23,24.37,70.15,96.1
RICHARDSON ISD,DALLAS,RICHARDSON TERRACE EL,1,598,48.66,5,40,2931,32974,15,31,32.44,15.38,4.68,11.04,21.4,75.28,96.3
RICHARDSON ISD,DALLAS,SPRING VALLEY EL,1,442,52.04,4.99,29,3179,30969,15.2,16,48.87,28.05,5.2,10.41,22.17,74.62,96.5
RICHARDSON ISD,DALLAS,STULTS ROAD EL,1,443,85.1,2.54,25.5,2692,32566,17.3,18,48.08,11.06,2.48,12.19,19.19,53.89,97.2
RICHARDSON ISD,DALLAS,MARK TWAIN EL,1,434,62.21,4.7,27,3017,31220,16.1,16,55.99,17.74,1.61,10.83,27.65,48.62,95.8
RICHARDSON ISD,DALLAS,WALLACE EL,1,653,45.79,4.96,38.5,2635,34999,17,26.5,35.07,1.38,5.36,10.57,26.8,74.58,96.3
RICHARDSON ISD,DALLAS,WHITE ROCK EL,1,648,39.51,4.78,35.5,2674,30253,18.3,18,33.8,4.48,10.65,8.8,21.91,83.95,96.2
RICHARDSON ISD,DALLAS,SPRING CREEK EL,1,293,25.94,3.84,19.6,3436,32521,14.9,12.5,15.7,9.56,8.53,16.38,13.31,92.88,97
RICHARDSON ISD,DALLAS,FORESTRIDGE EL,1,735,68.57,4.31,45,2759,34069,16.3,35,43.81,29.39,8.57,8.3,12.52,76.88,97
RICHARDSON ISD,DALLAS,NORTHLAKE EL,1,528,78.03,3.43,33.3,3014,32821,15.8,21.3,59.28,17.05,1.7,7.58,37.5,54.14,96.2
RICHARDSON ISD,DALLAS,BOWIE EL,1,403,12.9,2.25,24.5,2770,37243,16.5,22.5,5.71,6.7,12.16,14.14,14.14,93.78,97.2
RICHARDSON ISD,DALLAS,PRAIRIE CREEK EL,1,270,6.3,1.18,18.8,4244,35184,14.4,16.3,2.22,0.37,11.11,11.48,5.93,95.44,97.1
RICHARDSON ISD,DALLAS,SPRINGRIDGE EL,1,399,34.84,4.54,23,2928,38630,17.3,22,14.04,8.77,6.77,10.53,12.53,91.63,97.2
RICHARDSON ISD,DALLAS,PRESTONWOOD EL,1,401,23.94,3.64,22.9,2822,35111,17.5,19.5,8.48,6.48,10.97,8.23,17.96,93.31,97.3
RICHARDSON ISD,DALLAS,SKYVIEW EL,1,469,70.15,4.19,33.2,3517,29415,14.1,15.8,54.58,7.25,4.26,9.17,55.65,68.22,96.3
RICHARDSON ISD,DALLAS,DARTMOUTH EL,1,468,20.94,3.31,29.4,3165,34308,15.9,22.5,4.7,5.13,8.12,12.61,8.97,85.84,97.4
RICHARDSON ISD,DALLAS,BRENTFIELD EL,1,633,12.32,2.16,32.5,2460,36310,19.5,27,1.42,2.53,14.06,9,8.21,95.89,97.3
RICHARDSON ISD,DALLAS,JESS HARBEN EL,1,516,32.17,4.36,30,2598,35613,17.2,24.5,16.28,12.02,8.72,13.95,11.05,92.26,97.4
RICHARDSON ISD,DALLAS,RICHLAND EL,1,558,52.51,4.99,32.1,2721,33275,17.4,24.6,33.69,7.53,8.06,12.37,24.91,91.9,96.7
RICHARDSON ISD,DALLAS,YALE EL,1,722,23.41,3.59,39,2548,36915,18.5,32,2.77,3.46,6.65,10.39,8.73,88.14,97.5
RICHARDSON ISD,DALLAS,MOSS HAVEN EL,1,567,26.81,3.92,30.4,2463,30230,18.6,16,20.81,6.35,10.93,8.11,14.99,88.77,97.1
RICHARDSON ISD,DALLAS,BIG SPRINGS EL,1,555,24.68,3.72,34,2973,32987,16.3,24.5,9.55,2.16,8.11,14.05,14.23,89.85,97.2
RICHARDSON ISD,DALLAS,MERRIMAN PARK EL,1,513,25.54,3.8,26.9,2406,34129,19.1,23.9,16.76,4.48,15.2,8.19,18.52,84.04,97.2
RICHARDSON ISD,DALLAS,AIKIN EL,1,571,68.13,4.34,35,3119,30451,16.3,21.9,41.68,10.68,3.33,12.26,44.83,67.58,96.2
RICHARDSON ISD,DALLAS,RISD ACAD,3,873,89.12,1.94,51,2900,30880,17.1,27.1,94.39,67.7,1.03,7.9,26.92,56.08,96.2
RICHARDSON ISD,DALLAS,CLASSICAL MAGNET,3,463,53.56,4.97,33.5,576,30700,13.8,20,38.66,8.86,6.48,9.29,0,60.63,0
RICHARDSON ISD,DALLAS,MATH SCIENCE TECH MAGNET,3,559,45.08,4.95,34.8,199,31444,16.1,26.5,34.7,9.66,11.09,8.23,0,78.16,0
SUNNYVALE ISD,DALLAS,SUNNYVALE EL,1,367,4.9,0.93,29,4414,29826,12.7,17,6.54,0.54,14.44,10.35,10.08,80.84,97
WILMER-HUTCHINS ISD,DALLAS,ALTA MESA EL,1,300,98.67,0.26,21,3578,32873,14.3,12,85.33,0,10.33,9,31.33,81.43,95.6
WILMER-HUTCHINS ISD,DALLAS,HUTCHINS EL,1,450,89.11,1.94,30.7,3163,32673,14.6,22.7,68.67,24.67,7.78,6,22.67,74.78,95.1
WILMER-HUTCHINS ISD,DALLAS,C S WINN INT,2,475,93.68,1.18,31,3232,30520,15.3,13,78.32,5.89,16,8,31.37,64.2,93.9
WILMER-HUTCHINS ISD,DALLAS,WILMER EL,1,440,78.86,3.33,24,2650,34494,18.3,18,75,20.23,15.23,2.73,17.5,19.79,94.8
COPPELL ISD,DALLAS,PINKERTON EL,1,397,13.1,2.28,27.4,3399,30363,14.5,17,4.79,0.25,8.56,8.56,9.82,92.85,97.5
COPPELL ISD,DALLAS,LEE EL,1,510,24.12,3.66,31.6,2816,29940,16.2,19,5.1,7.65,7.45,5.49,6.86,86.06,97.1
COPPELL ISD,DALLAS,AUSTIN EL,1,480,21.46,3.37,35.5,3674,31941,13.5,24.6,3.54,9.17,8.96,10.63,7.92,91.62,97.3
COPPELL ISD,DALLAS,MOCKINGBIRD EL,1,556,11.69,2.06,37,3148,31115,15,26,2.34,0.36,9.17,7.55,3.24,91.35,97.8
COPPELL ISD,DALLAS,WILSON EL,1,590,16.1,2.7,39,3042,30285,15.1,18,7.63,0.17,7.12,9.83,6.44,85.53,97
COPPELL ISD,DALLAS,LAKESIDE EL,1,636,22.33,3.47,38,2636,29640,16.7,23,1.73,3.62,8.81,5.97,11.79,93.99,96.9
COPPELL ISD,DALLAS,TOWN CENTER EL,1,470,12.98,2.26,29.4,2863,28932,16,16.5,1.49,0.21,10.85,5.96,8.3,85.92,97.4
AVALON ISD,ELLIS,AVALON SCHOOL,3,201,47.76,4.99,21,5228,27733,9.6,10,60.2,8.46,9.95,21.89,21.39,63.51,96.9
ENNIS ISD,ELLIS,AUSTIN EL,1,500,34.8,4.54,32.5,3641,32604,15.4,28.5,33.8,0.4,16.8,13,16.4,74.72,96.9
ENNIS ISD,ELLIS,HOUSTON EL,1,643,71.23,4.1,38.9,2994,30980,16.5,30,70.14,25.51,4.67,8.55,9.8,73.43,96.8
ENNIS ISD,ELLIS,BOWIE EL,1,680,58.24,4.86,44.4,2953,30797,15.3,30.9,54.26,15.74,6.18,10.88,13.09,69.63,96.2
ENNIS ISD,ELLIS,TRAVIS EL,1,427,56.91,4.9,28.5,3436,30393,15,20,54.8,14.05,4.68,14.05,12.18,60.61,96.4
FERRIS ISD,ELLIS,FERRIS INT,2,531,42.18,4.88,30.4,2495,27372,17.5,15.1,52.17,6.4,6.21,18.64,21.28,75.8,96.9
ITALY ISD,ELLIS,STAFFORD EL,1,351,40.17,4.81,25,3739,29443,14,16.6,55.27,7.41,6.55,26.78,14.53,72.93,97.1
MIDLOTHIAN ISD,ELLIS,MILLS EL,1,394,15.48,2.62,29.9,3540,28567,13.2,19.2,24.37,3.3,9.64,14.47,16.5,66.48,97.1
MIDLOTHIAN ISD,ELLIS,IRVIN EL,1,523,13,2.26,29.7,2722,29046,17.6,18.1,22.56,1.53,10.52,16.06,12.62,69.9,96.8
MIDLOTHIAN ISD,ELLIS,T E BAXTER EL,1,685,16.35,2.74,41,2642,29308,16.7,28,35.91,5.4,15.77,12.85,9.93,44.87,96.4
MILFORD ISD,ELLIS,MILFORD SCHOOL,3,192,43.75,4.92,19.9,5036,27459,9.6,13.9,71.88,0,6.77,22.92,39.58,74.22,97.1
PALMER ISD,ELLIS,PALMER MIDDLE,2,206,30.1,4.21,13.5,4996,28044,15.3,8.3,39.32,8.74,6.8,16.5,21.36,72.1,95.3
PALMER ISD,ELLIS,PALMER EL,1,377,30.5,4.24,23.8,3422,27354,15.8,12.7,43.24,10.88,7.69,14.32,14.85,72.85,96.5
RED OAK ISD,ELLIS,RED OAK EL,1,432,29.4,4.15,28.7,3478,29035,15.1,15.7,51.16,13.89,2.31,19.21,23.15,79.33,95.8
RED OAK ISD,ELLIS,WOODEN EL,1,362,13.26,2.3,20.7,3147,31906,17.5,15.7,25.69,0,4.7,19.34,14.92,71.31,96.3
RED OAK ISD,ELLIS,EASTRIDGE EL,1,585,12.82,2.24,34.8,2755,27607,16.8,16,10.77,0,4.62,15.21,9.74,65.48,96.9
RED OAK ISD,ELLIS,SHIELDS EL,1,378,8.73,1.59,23,3222,30602,16.5,15,4.5,0,4.76,12.17,11.9,74.82,97.3
WAXAHACHIE ISD,ELLIS,NORTHSIDE EL,1,558,44.62,4.94,36.8,3332,32890,15.2,33.8,47.67,3.05,1.25,11.65,20.43,61.36,95.8
WAXAHACHIE ISD,ELLIS,T C WILEMON EL,1,493,50.3,5,34,3692,30812,14.5,27,52.94,16.63,1.01,17.44,21.5,58.79,96.3
WAXAHACHIE ISD,ELLIS,DUNAWAY EL,1,452,30.31,4.22,28.1,3640,31681,16.1,22.1,42.92,3.32,14.6,12.17,29.42,75.71,96.8
WAXAHACHIE ISD,ELLIS,SHACKELFORD EL,1,417,29.5,4.16,26,3404,31454,16,19.1,24.46,3.36,7.91,10.55,18.47,75.29,96.7
MAYPEARL ISD,ELLIS,MAYPEARL EL,1,299,22.74,3.51,22.8,2993,28824,13.1,15.8,43.81,8.7,3.34,19.73,11.71,83.75,97.6
BONHAM ISD,FANNIN,EVANS EL,1,453,12.36,2.17,32.7,2309,27878,13.8,19.8,48.57,0,9.93,21.19,25.39,67.5,97.2
DODD CITY ISD,FANNIN,DODD CITY SCHOOL,3,239,1.67,0.33,21.6,4880,24704,11.1,9.6,47.28,0,5.02,18.83,17.15,73.77,96
ECTOR ISD,FANNIN,ECTOR SCHOOL,3,187,6.42,1.2,17.6,4092,26172,10.6,7.5,34.76,0,10.16,21.39,19.79,60.54,96.6
HONEY GROVE ISD,FANNIN,HONEY GROVE MIDDLE,2,232,19.83,3.18,18,3258,27903,12.9,10.9,40.95,0.43,21.55,22.41,16.38,91.7,96.9
HONEY GROVE ISD,FANNIN,HONEY GROVE EL,1,272,26.84,3.93,20.5,3588,28185,13.3,14.1,54.78,4.41,18.75,20.96,11.03,62.39,97.1
LEONARD ISD,FANNIN,LEONARD EL,1,362,9.12,1.66,22.5,2977,26889,16.1,12,42.27,0.83,4.97,20.72,14.09,62.24,96.2
SAVOY ISD,FANNIN,SAVOY EL,1,162,4.32,0.83,12.1,3178,28773,13.3,8.9,33.33,1.23,2.47,14.81,16.67,52.49,97.3
TRENTON ISD,FANNIN,TRENTON EL,1,186,9.14,1.66,13.4,3130,29839,13.8,11.2,44.62,0,3.76,17.2,15.59,76.15,97.2
SAM RAYBURN ISD,FANNIN,SAM RAYBURN EL,1,175,8,1.47,18,3819,28892,9.7,14,52,2.29,10.29,17.71,11.43,69.87,95.7
BELLS ISD,GRAYSON,BELLS EL,1,422,1.66,0.33,29,3182,25281,14.6,17,31.75,0,4.03,17.06,15.4,72.3,97.1
COLLINSVILLE ISD,GRAYSON,COLLINSVILLE EL,1,254,9.45,1.71,17,2841,29434,14.9,15,31.89,3.54,2.36,10.63,12.2,71.34,97.1
DENISON ISD,GRAYSON,GOLDEN RULE EL,1,291,13.75,2.37,20.7,3828,30009,14.1,15.3,77.66,0,5.15,18.21,22.34,81.68,96.1
DENISON ISD,GRAYSON,HOUSTON EL,1,312,22.44,3.48,21.4,4026,31898,14.6,17,65.06,1.6,5.45,23.4,25.64,80.17,96
DENISON ISD,GRAYSON,HYDE PARK EL,1,246,7.32,1.36,14.5,3403,31575,17,11.5,34.15,0.41,11.79,17.48,16.67,83.61,96.8
DENISON ISD,GRAYSON,LAYNE EL,1,301,5.98,1.12,21.8,3540,30891,13.8,19,53.16,0.66,6.64,8.31,18.27,79.8,96.6
DENISON ISD,GRAYSON,MAYES EL,1,280,13.57,2.35,16.6,3027,30295,16.9,12.6,38.57,1.79,10.36,15,9.64,81.82,97.2
DENISON ISD,GRAYSON,LAMAR EL,1,363,8.54,1.56,21.1,2961,28564,17.2,13.9,55.65,0.83,4.68,15.15,21.76,84.35,96.7
DENISON ISD,GRAYSON,TERRELL EL,1,509,34.77,4.54,27.2,2878,29837,18.7,19.1,81.53,5.11,1.96,14.34,22.4,62.18,95.6
HOWE ISD,GRAYSON,HOWE MIDDLE,2,319,5.02,0.95,18.1,3074,29450,17.6,13.1,16.61,0,5.96,9.4,13.79,68.4,96.8
HOWE ISD,GRAYSON,HOWE EL,1,340,5.59,1.06,21.9,3255,26930,15.6,13.7,23.82,0,4.71,13.82,9.41,75.89,97.4
SHERMAN ISD,GRAYSON,DILLINGHAM INT,2,895,27.26,3.97,48.9,3034,31682,18.3,35.1,39.44,1.9,14.86,13.97,18.32,65.9,95.7
SHERMAN ISD,GRAYSON,CRUTCHFIELD EL,1,550,28.73,4.1,34,3291,31449,16.2,25,53.45,2.18,6.36,19.82,19.09,59.76,95.9
SHERMAN ISD,GRAYSON,FAIRVIEW EL,1,474,26.37,3.88,32.8,3718,33672,14.5,29.8,31.22,0,9.07,13.5,20.89,72.82,96.2
SHERMAN ISD,GRAYSON,JEFFERSON EL,1,271,59.78,4.81,18.7,4039,29959,14.5,13.7,69.74,8.49,7.01,12.92,19.19,32.99,96.1
SHERMAN ISD,GRAYSON,PERRIN EL,1,213,6.57,1.23,17.1,4206,28260,12.5,9.8,38.97,0.47,15.96,20.66,32.39,88.5,96.4
SHERMAN ISD,GRAYSON,WAKEFIELD EL,1,455,14.73,2.51,28.9,3206,30373,15.7,18.4,34.07,0.44,17.36,16.48,21.32,65.3,96.6
SHERMAN ISD,GRAYSON,WASHINGTON EL,1,492,43.5,4.92,33,3071,31407,14.9,12,68.7,16.26,0,9.35,25.61,43.14,95.6
TIOGA ISD,GRAYSON,TIOGA EL,1,137,13.87,2.39,13.4,5360,25022,10.2,4.4,45.99,0,7.3,25.55,15.33,59.69,96.3
VAN ALSTYNE ISD,GRAYSON,VAN ALSTYNE EL,1,404,11.88,2.09,28.3,2718,28372,14.3,18.6,37.38,4.21,6.44,16.34,11.39,72.34,96.9
WHITESBORO ISD,GRAYSON,WHITESBORO MIDDLE,2,458,3.28,0.63,27.6,2786,28567,16.6,17.6,29.26,0,8.95,13.1,15.72,83.5,96.5
WHITESBORO ISD,GRAYSON,WHITESBORO EL,1,535,4.67,0.89,33.3,3145,28402,16.1,20,44.49,1.68,1.87,12.15,20,72.08,96.7
WHITEWRIGHT ISD,GRAYSON,WHITEWRIGHT EL,1,311,17.68,2.91,22.3,3190,27649,13.9,16.3,49.84,0.96,4.5,13.5,13.83,87.95,97.5
POTTSBORO ISD,GRAYSON,POTTSBORO MIDDLE,2,407,2.21,0.43,30.7,3002,28733,13.3,16,29.24,0.49,6.63,13.76,23.34,82.8,96.2
POTTSBORO ISD,GRAYSON,POTTSBORO EL,1,442,2.04,0.4,27.4,3040,27750,16.2,16.3,39.14,0.45,3.39,11.99,14.48,74.44,97.2
S AND S CONS ISD,GRAYSON,S AND S CONS MIDDLE,2,265,4.53,0.86,17.4,3448,31362,15.2,15.3,21.89,0,5.66,11.7,15.47,80.9,96.9
S AND S CONS ISD,GRAYSON,S AND S CONS EL,1,289,1.73,0.34,20.1,3891,29779,14.4,16.6,26.64,0.35,1.73,19.03,13.84,78.44,96.7
GUNTER ISD,GRAYSON,GUNTER EL,1,246,28.46,4.07,20.2,3491,26975,12.2,12.2,41.87,11.38,5.69,21.14,4.88,90.97,97.5
TOM BEAN ISD,GRAYSON,TOM BEAN EL,1,340,3.53,0.68,22.1,2742,28801,15.4,17.1,30,0,2.65,19.71,12.65,84.75,96.7
CADDO MILLS ISD,HUNT,CADDO MILLS EL,1,388,7.73,1.43,26.9,3107,27846,14.4,19,38.4,0.77,4.64,14.69,13.92,80.86,96.4
CELESTE ISD,HUNT,CELESTE EL,1,194,4.12,0.79,15.9,3747,27329,12.2,8.8,37.11,1.03,10.82,15.46,10.31,84.16,97.7
COMMERCE ISD,HUNT,COMMERCE EL,1,600,36.33,4.63,36.7,2633,28052,16.3,25,60.5,4,6,11.83,13.5,66.3,96.2
COMMERCE ISD,HUNT,ALBERT C WILLIAMS EL,1,397,24.94,3.74,24.6,2755,29288,16.1,18,50.63,1.51,15.11,22.17,14.11,71.78,95.7
GREENVILLE ISD,HUNT,BOWIE EL,1,505,15.25,2.58,28.1,2682,30656,18,22,32.48,2.18,9.7,10.1,12.67,87.21,96.9
GREENVILLE ISD,HUNT,CROCKETT EL,1,350,45.71,4.96,24,2603,26904,14.6,12,68.29,14,4.57,9.71,19.71,72.89,96.6
GREENVILLE ISD,HUNT,CARVER EL,1,347,55.33,4.94,26,2436,24576,13.3,11,78.39,14.41,2.02,19.02,26.51,71.69,96.5
GREENVILLE ISD,HUNT,HOUSTON EL,1,313,85.3,2.51,24,5016,29786,13,17,90.42,19.49,1.28,13.1,28.43,46.49,95.9
GREENVILLE ISD,HUNT,LAMAR EL,1,301,30.56,4.24,19.9,3126,32782,15.2,17,43.52,5.32,7.64,13.62,22.26,74.81,96.6
GREENVILLE ISD,HUNT,TRAVIS EL,1,509,37.13,4.67,32,2898,31103,15.9,27,54.62,5.11,5.89,10.02,27.5,63.15,95.4
GREENVILLE ISD,HUNT,INTERMEDIATE,2,811,36.99,4.66,47.6,2640,29868,17.1,34,49.45,3.95,10.6,14.43,18.62,62.7,95.1
LONE OAK ISD,HUNT,LONE OAK EL,1,295,4.75,0.9,21.9,2723,26520,13.5,14.2,30.51,0.68,11.19,19.66,13.56,89.53,96.7
QUINLAN ISD,HUNT,A E BUTLER INT,2,427,7.03,1.31,29.5,3284,26729,14.5,17.6,53.16,0.7,7.73,23.19,28.57,58.08,95.5
QUINLAN ISD,HUNT,D C CANNON EL,1,629,7.15,1.33,40.4,2985,24647,15.6,14.2,56.76,1.27,5.88,18.92,27.82,80,95.4
WOLFE CITY ISD,HUNT,WOLFE CITY EL,1,299,11.37,2.02,19.9,2726,26907,15.1,11.9,45.15,0,11.37,12.04,15.05,78,97.7
CAMPBELL ISD,HUNT,CAMPBELL EL,1,164,3.05,0.59,14.7,3960,26865,11.1,9.9,22.56,0,7.32,15.24,25,76.73,96.8
BLAND ISD,HUNT,BLAND EL,1,233,6.44,1.21,17.3,3084,26724,13.5,8.7,29.61,3,17.6,20.17,21.89,79.12,97
BOLES ISD,HUNT,BOLES EL,1,204,11.27,2,18.4,3116,21009,11.1,3.5,65.69,1.96,7.35,19.12,28.43,49.01,95
CRANDALL ISD,KAUFMAN,CRANDALL EL,1,448,10.94,1.95,27.2,3108,29284,16.5,17.3,25,4.02,1.56,14.51,11.16,84.6,96.8
CRANDALL ISD,KAUFMAN,CRANDALL INT,2,383,12.53,2.19,19,2430,25757,20.1,6.7,18.8,1.83,12.27,14.88,0,68.87,0
FORNEY ISD,KAUFMAN,FORNEY INT,2,483,11.18,1.99,28.3,2809,25681,17.1,13,13.66,2.28,5.59,12.84,11.39,72.03,97.1
KAUFMAN ISD,KAUFMAN,PHILLIPS EL,1,639,29.73,4.18,38.2,2861,27734,16.7,24.3,42.88,5.01,5.32,14.4,14.4,73.16,96.1
KAUFMAN ISD,KAUFMAN,LUCILLE NASH EL,1,451,31.26,4.3,25.3,2605,26692,17.8,16.2,40.58,3.1,4.66,18.4,14.86,75.35,96.3
KEMP ISD,KAUFMAN,KEMP PRI,3,510,9.02,1.64,35.8,3698,28313,14.3,24.8,48.82,1.18,14.71,13.33,17.45,54.5,94.9
KEMP ISD,KAUFMAN,KEMP INT,2,362,10.77,1.92,25,3250,25124,14.5,10.3,43.09,1.66,6.35,14.92,21.82,35.7,94.1
MABANK ISD,KAUFMAN,MABANK INT,2,892,8.18,1.5,49.8,2733,27240,17.9,26.6,44.62,1.46,4.6,25.11,27.13,57.83,95.4
TERRELL ISD,KAUFMAN,KENNEDY EL,1,567,51.85,4.99,37.9,3759,28752,15,25,59.96,6.53,7.76,16.05,18.87,83.6,97
TERRELL ISD,KAUFMAN,JOHN E LANGWITH EL,1,319,47.02,4.98,21.2,4087,28557,15.1,10,58.31,1.88,10.03,19.75,14.42,70.8,97.1
TERRELL ISD,KAUFMAN,TERRELL INT,2,594,49.16,5,38,3042,28609,15.6,22.7,55.89,3.2,10.44,15.15,14.81,74.9,96.4
SCURRY-ROSSER ISD,KAUFMAN,SCURRY-ROSSER EL,1,292,10.27,1.84,22,4023,28611,13.3,15,25.34,0,14.04,6.51,16.1,73.01,96.6
ROCKWALL ISD,ROCKWALL,VIRGINIA REINHARDT EL,1,584,4.11,0.79,29.9,2698,31075,19.5,22.9,4.28,0,9.42,10.96,6.85,94.01,97.2
ROCKWALL ISD,ROCKWALL,HOWARD DOBBS EL,1,728,27.2,3.96,47.9,3493,29491,15.2,30.2,28.98,9.75,5.49,11.95,26.92,81.31,96.5
ROCKWALL ISD,ROCKWALL,AMANDA ROCHELL EL,1,467,15.85,2.67,29.8,3301,31518,15.7,21.8,34.05,1.71,2.36,12.21,25.05,76.51,96.2
ROCKWALL ISD,ROCKWALL,CULLINS-LAKE POINTE EL,1,651,9.83,1.77,35.5,2439,28129,18.3,20,5.84,0,5.84,10.14,9.37,82.87,96.7
ROCKWALL ISD,ROCKWALL,AMY PARKS-HEATH EL,1,463,2.81,0.55,27.6,2956,28869,16.8,16.1,2.59,0,7.56,6.7,0,93.25,0
ROYSE CITY ISD,ROCKWALL,ROYSE CITY EL,1,481,26.4,3.89,29.7,2777,27464,16.2,18.8,45.32,6.03,5.2,18.5,17.46,81.58,95.8
CANTON ISD,VAN ZANDT,CANTON INT,2,372,8.06,1.48,19.1,2351,29905,19.4,16,38.17,0.54,11.83,9.41,19.09,85.82,96.9
WILLS POINT ISD,VAN ZANDT,WILLS POINT INT,2,574,17.6,2.9,33.4,2973,29498,17.2,24.4,52.79,2.61,8.19,19.69,15.68,62.48,96.8
